[
  {
    "ts": "2021-06-18T08:38:23.416Z",
    "level": "error",
    "error": {
      "originalError": {
        "name": "AccessTokenInvalid",
        "message": "{\n  \"status\": 403,\n  \"statusText\": \"Forbidden\",\n  \"message\": \"The access token you sent could not be found or is invalid.\",\n  \"details\": {},\n  \"request\": {\n    \"url\": \"/spaces/6uh9d2tjodrj\",\n    \"headers\": {\n      \"Accept\": \"application/json, text/plain, */*\",\n      \"Content-Type\": \"application/vnd.contentful.management.v1+json\",\n      \"X-Contentful-User-Agent\": \"app contentful.import/7.9.42; feature library-import; sdk contentful-management.js/7.25.0; platform node.js/v14.17.0; os macOS/20.4.0;\",\n      \"Authorization\": \"Bearer ...qiZpI\",\n      \"user-agent\": \"node.js/v14.17.0\",\n      \"Accept-Encoding\": \"gzip\"\n    },\n    \"method\": \"get\"\n  },\n  \"requestId\": \"72c7ea9825d22438c0dc4bcc8b7c843d\"\n}"
      },
      "data": {
        "status": 403,
        "statusText": "Forbidden",
        "message": "The access token you sent could not be found or is invalid.",
        "details": {
        },
        "request": {
          "url": "/spaces/6uh9d2tjodrj",
          "headers": {
            "Accept": "application/json, text/plain, */*",
            "Content-Type": "application/vnd.contentful.management.v1+json",
            "X-Contentful-User-Agent": "app contentful.import/7.9.42; feature library-import; sdk contentful-management.js/7.25.0; platform node.js/v14.17.0; os macOS/20.4.0;",
            "Authorization": "Bearer ...qiZpI",
            "user-agent": "node.js/v14.17.0",
            "Accept-Encoding": "gzip"
          },
          "method": "get"
        },
        "requestId": "72c7ea9825d22438c0dc4bcc8b7c843d"
      }
    }
  }
]